scenario_id,intent,key_facts,tone,generated_email,human_reference_email,metric1_score,metric2_score,metric3_score,average_score,llm_fact_recall_eval,llm_tone_format_eval,llm_conciseness_clarity_eval
1,Request for project update,"Project Alpha, due next week, current status, blockers",Formal,"Subject: Request for Project Alpha Update

Dear [Project Manager's Name],

I hope this email finds you well. As we approach the deadline for Project Alpha, which is scheduled to be completed next week, I would like to request an update on the current status of the project.

Could you please provide me with an overview of the project's progress, highlighting any notable achievements or challenges that have been encountered? Additionally, please inform me of any blockers or issues that may be hindering the project's completion.

Your timely update will enable me to better understand the project's situation and provide any necessary support to ensure its successful completion.

Thank you for your prompt attention to this matter.

Sincerely,
[Your Name]","Subject: Project Alpha Update Request

Dear Team Lead,

I hope this email finds you well. Could you please provide an update on the current status of Project Alpha? We are approaching the deadline next week, and I would appreciate knowing if there are any blockers or challenges we should be aware of.

Thank Благодарю вас.
[Your Name]",0,0,0.5,0.16666666666666666,"**Fact Inclusion**: The generated email includes the following key facts:

* Project Alpha is due next week
* Request for project update
* Blockers or issues hindering project completion

However, the email is missing the current status of the project. The email only requests an update, but does not specify what information is needed to understand the project's situation.

**Fact Accuracy**: All facts stated in the email appear to be accurate and without distortion.

**Specificity**: The language used in the email is somewhat vague. For example, the request for an update is general and does not specify what information is needed. Additionally, the request for an overview of the project's progress is not specific enough to understand the current status of the project.

Overall, I would give the generated email a score of 3 out of 5 for fact recall and specificity. The email includes the most important key facts, but is missing some specific details and is somewhat vague in its requests.","{'tone_evaluation': 'Evaluation:\n\nThe generated email is a good representation of a formal tone. Here\'s a breakdown of the email\'s adherence to the desired tone:\n\n* The email is well-structured and easy to follow, which is a hallmark of formal communication.\n* The language used is professional and objective, avoiding any informal or colloquial expressions.\n* The tone is polite and respectful, with a focus on requesting information and offering support, rather than making demands or expressing emotions.\n* The email is concise and to the point, without unnecessary details or personal opinions.\n* The closing is formal, with a sincere expression of appreciation for the recipient\'s time.\n\nScore: 4.5\n\nThe only area for improvement is the opening sentence, which could be more formal. Instead of ""I hope this email finds you well,"" the email could start with a more straightforward statement, such as ""Dear [Project Manager\'s Name], I am writing to request an update on the current status of Project Alpha.""\n\nOverall, the generated email effectively conveys a formal tone, making it suitable for a professional or business setting.', 'format_feedback': ['Missing or unconventional salutation.']}","{'llm_clarity_evaluation': '**Conciseness: 4/5**\n\nThe email is generally concise and to the point. The request for an update is clearly stated, and the specific information being sought (project progress, achievements, challenges, blockers, and issues) is specified. However, the email could be slightly more concise by avoiding some of the more formal language and getting straight to the point.\n\nFor example, the phrase ""I would like to request an update on the current status of the project"" could be simplified to ""Could you please provide an update on the project\'s current status?"" Similarly, the sentence ""Your timely update will enable me to better understand the project\'s situation and provide any necessary support to ensure its successful completion"" could be condensed to ""A timely update will help me understand the project\'s situation and provide necessary support for its completion.""\n\n**Clarity: 5/5**\n\nThe email is extremely clear and easy to understand. The request is straightforward, and the specific information being sought is clearly specified. The language used is simple and unambiguous, making it easy for the recipient to understand the request and respond accordingly.\n\nThe email also effectively conveys the importance of the request, emphasizing the need for a timely update to ensure the project\'s successful completion. This adds clarity to the request and encourages the recipient to respond promptly.\n\n**Overall Score: 4.5/5**\n\nThe email is well-written and effectively conveys the request for an update. While it could be slightly more concise, its clarity and ease of understanding are exceptional. With a few minor revisions to eliminate unnecessary words and phrases, this email could be even more effective in achieving its purpose.', 'flesch_kincaid_grade': 10.47529411764706, 'flesch_reading_ease': 50.2388235294118}"
2,Request vacation approval,"Vacation from Aug 1st to Aug 15th, already cleared with manager, need HR approval",Polite,"Subject: Request for Vacation Approval

Dear HR Team,

I am writing to request your approval for a vacation period from August 1st to August 15th. I have already discussed and cleared this request with my manager, [Manager's Name], and obtained their approval.

I would greatly appreciate it if you could confirm receipt of this request and provide a formal approval. If there are any additional steps or requirements needed for processing, please let me know.

Thank you for your prompt attention to this matter.

Best regards,
[Your Name]","Subject: Vacation Request - [Your Name]

Dear HR Department,

I am writing to formally request vacation leave from August 1st to August 15th. I have already discussed and received approval from my manager, [Manager's Name]. Could you please process this request?

Thank you for your assistance.

Sincerely,
[Your Name]",0,0,0.5,0.16666666666666666,"**Fact Inclusion**: The generated email includes the following key facts:

* Vacation period: August 1st to August 15th
* Clearance with manager: Already cleared with manager, [Manager's Name]
* Need for HR approval: Request for HR approval

However, the email does not explicitly mention that the manager's approval has been obtained in writing. This detail could be included to provide additional clarity.

**Fact Accuracy**: The facts presented in the email are accurate and without distortion.

**Specificity**: The language used in the email is generally specific regarding the facts. The dates of the vacation period are clearly stated, and the request for HR approval is direct and clear. However, the email could be more specific regarding the expected timeline for HR approval and any potential next steps.

**Overall Score**: 4 out of 5

The generated email effectively includes the key facts and presents them accurately. While it could be more specific in certain areas, the email is clear and direct in its request for HR approval.","{'tone_evaluation': 'I\'d rate the generated email a 4 out of 5 for its adherence to the polite tone.\n\nThe email is well-structured, and the language used is professional and courteous. The phrases ""I would greatly appreciate it,"" ""Thank you for your prompt attention,"" and ""Best regards"" convey a polite tone. The email also shows respect for the HR team\'s time and workload by requesting prompt attention to the matter.\n\nThe only area for improvement is the use of the phrase ""if there are any additional steps or requirements needed for processing."" While this is a necessary part of the email, it could be rephrased to be more polite and less formal. For example, ""Please let me know if there\'s any additional information needed to process my request.""\n\nOverall, the email effectively conveys a polite tone and is likely to be well-received by the HR team.', 'format_feedback': ['Missing or unconventional salutation.']}","{'llm_clarity_evaluation': '**Conciseness:** The email is generally concise, but there are a few areas where it could be tightened up. For example, the phrase ""I would greatly appreciate it if you could"" is a bit verbose and could be replaced with something more direct, such as ""Please confirm receipt and provide approval."" Additionally, the sentence ""If there are any additional steps or requirements needed for processing, please let me know"" is a bit wordy and could be simplified.\n\nScore: 4\n\n**Clarity:** The email is very clear and easy to understand. The purpose of the email is clearly stated, and the reader knows exactly what is being requested. The language is straightforward, and the structure is logical.\n\nScore: 5\n\n**Overall:** The email is well-written and effectively conveys the necessary information. While there are a few areas where it could be improved, it is still a strong email.\n\nScore: 4.5\n\nHere\'s a revised version of the email that addresses some of the suggestions above:\n\nSubject: Request for Vacation Approval\n\nDear HR Team,\n\nI am requesting approval for a vacation period from August 1st to August 15th. My manager, [Manager\'s Name], has already approved this request.\n\nPlease confirm receipt and provide formal approval. If any additional steps are needed, please let me know.\n\nThank you for your prompt attention.\n\nBest regards,\n[Your Name]', 'flesch_kincaid_grade': 8.768636363636364, 'flesch_reading_ease': 58.3187878787879}"
3,Announce new company policy,"New remote work policy, effective immediately, details on intranet",Informative,"Subject: Introduction of New Remote Work Policy

Dear All,

As part of our ongoing efforts to adapt to the changing work landscape and prioritize employee flexibility, we are pleased to announce the introduction of our new remote work policy. This policy will enable employees to work from home or other remote locations, allowing for greater work-life balance and increased productivity.

The new policy is effective immediately, and all employees are encouraged to review the details on our company intranet. The policy outlines the guidelines, expectations, and procedures for remote work, including communication protocols, security measures, and performance evaluation.

This change is intended to enhance our overall work experience and provide more autonomy to our employees. We believe that this new policy will have a positive impact on our team's well-being and job satisfaction.

If you have any questions or concerns regarding the new policy, please do not hesitate to reach out to your supervisor or HR representative. We are always available to provide support and guidance.

Thank you for your understanding and cooperation.

Best regards,
[Your Name]
[Your Title]","Subject: New Remote Work Policy - Effective Immediately

Dear Employees,

This email is to inform you about our new remote work policy, which is effective immediately. All details regarding eligibility, guidelines, and procedures can be found on the company intranet. Please review it at your earliest convenience.

Best regards,
[Your Name]",0,0,0.5,0.16666666666666666,"**Fact Inclusion**: The generated email includes all key facts except for one: the effective date of the policy. The email states that the policy is ""effective immediately,"" but it does not provide a specific date. This is a minor omission, but it is still an important piece of information that is missing.

**Fact Accuracy**: The email accurately states that the new remote work policy is effective immediately and that employees can review the details on the company intranet. The language used is clear and concise, without any distortions or inaccuracies.

**Specificity**: The email uses specific language to describe the purpose of the new policy, the benefits it will provide, and the procedures for remote work. The language is also clear and concise, making it easy to understand the policy's details. The email does not use vague language, and it provides a general outline of the policy's expectations and guidelines.

**Score**: I would give the generated email a score of 4 out of 5 for overall fact recall and specificity. The email accurately includes most of the key facts and uses specific language to describe the policy. The only minor omission is the lack of a specific effective date for the policy. Overall, the email effectively communicates the new policy's details and provides a clear understanding of the changes.","{'tone_evaluation': 'Evaluation Score: 4.5\n\nThe generated email effectively conveys the necessary information about the new remote work policy in a clear and concise manner. The tone is informative, as intended, and provides employees with the necessary details about the policy.\n\nStrengths:\n\n* The email is well-structured and easy to follow, making it simple for employees to understand the new policy.\n* The language used is professional and objective, avoiding any emotional or persuasive tone.\n* The email provides a clear call to action, encouraging employees to review the policy details on the company intranet.\n* The tone is neutral and factual, without any bias or opinion.\n\nWeaknesses:\n\n* The email could benefit from a brief explanation of the benefits of remote work, such as increased flexibility and improved work-life balance, to make the policy more relatable and engaging.\n* The tone is somewhat formal and lacks a personal touch, which could make it less engaging for some employees.\n\nOverall, the generated email is a good match for the desired informative tone, but could be improved with a more engaging and relatable approach.', 'format_feedback': ['Missing or unconventional salutation.']}","{'llm_clarity_evaluation': '**Conciseness:** 3.5/5\n\nThe email is generally concise and to the point, effectively communicating the introduction of a new remote work policy. However, it could be further condensed by removing unnecessary words and phrases. For instance, the sentence ""allowing for greater work-life balance and increased productivity"" could be shortened to simply ""enabling greater flexibility and productivity."" Additionally, the last sentence (""Thank you for your understanding and cooperation."") is a common phrase that could be omitted without affecting the overall message.\n\n**Clarity:** 4.5/5\n\nThe email is clear and easy to understand, with a well-structured introduction, body, and conclusion. The language is straightforward, and the policy details are easily accessible on the company intranet. The email effectively conveys the purpose and benefits of the new policy, making it easy for employees to comprehend. The only minor suggestion for improvement would be to provide a brief summary of the key changes or benefits at the end of the email, rather than relying solely on the company intranet for more detailed information.\n\n**Overall score:** 4.0/5\n\nThe email is well-written and effectively communicates the introduction of a new remote work policy. While it could be slightly condensed, it remains clear and easy to understand. With a few minor tweaks, it could be even more effective in conveying the message to employees.', 'flesch_kincaid_grade': 13.540720670391064, 'flesch_reading_ease': 29.86426536312851}"
4,Customer complaint response,"Order #12345, wrong item received, offer replacement and 10% discount",Apologetic and helpful,"Subject: Concern with Order #12345 - Apology and Resolution

Dear [Customer Name],

I am writing to apologize for the inconvenience and disappointment caused by the incorrect item received in your recent order, #12345. We understand the frustration this has caused and want to assure you that we are committed to making things right.

We would like to offer a replacement of the correct item, which will be shipped to you at no additional cost. Additionally, we would like to provide a 10% discount on your next purchase as a gesture of goodwill.

Please let us know if this resolution is acceptable to you, and we will expedite the replacement process. If you have any questions or concerns, please do not hesitate to contact us. Your satisfaction is our top priority, and we appreciate your feedback in helping us improve our services.

Thank you for your patience and understanding.

Best regards,

[Your Name]
[Your Company Name]
[Contact Information]","Subject: Regarding Your Order #12345

Dear [Customer Name],

Please accept our sincere apologies for the incorrect item you received in Order #12345. We understand your frustration. We are immediately sending out the correct item, and as a token of our apology, we would like to offer you a 10% discount on your next purchase. 

Thank you for your patience,
[Your Name] - Customer Service",0,0,0.5,0.16666666666666666,"**Fact Inclusion**: The generated email includes all key facts:

* Order #12345
* Wrong item received
* Offer replacement
* 10% discount on next purchase

No missing facts were found.

**Fact Accuracy**: The email accurately states the facts:

* The order number, item received, and discount offer are all correct.
* There is no distortion or misinformation presented.

**Specificity**: The email uses specific language regarding the facts:

* The email clearly states the issue with the order (incorrect item received) and the proposed resolution (replacement and discount).
* The language is concise and easy to understand, making it clear what the customer can expect.

Overall, the generated email demonstrates excellent fact recall and specificity, earning a score of 5.","{'tone_evaluation': 'Based on the ""Desired Tone"" of Apologetic and Helpful, I evaluate the generated email as follows:\n\nStrengths:\n\n* The email starts by apologizing for the inconvenience and disappointment caused, which sets a conciliatory tone.\n* The language used is empathetic, acknowledging the customer\'s frustration and commitment to making things right.\n* The offer of a replacement and a 10% discount on the next purchase demonstrates a willingness to help and make amends.\n* The email concludes by expressing gratitude for the customer\'s patience and understanding, which reiterates the company\'s commitment to customer satisfaction.\n\nWeaknesses:\n\n* The email could be more explicit in its apology, using phrases like ""we\'re truly sorry"" or ""please accept our sincerest apologies"" to convey a deeper sense of remorse.\n* While the language is generally helpful, some sentences could be rephrased to be more concise and clear in their communication.\n\nScore: 4.5/5\n\nThe generated email effectively conveys an apologetic and helpful tone, acknowledging the customer\'s frustration and offering a resolution. However, it could be slightly improved by incorporating more explicit apologies and concise language. Overall, the email is well-structured and effectively communicates the company\'s commitment to customer satisfaction.', 'format_feedback': ['Missing or unconventional salutation.']}","{'llm_clarity_evaluation': '**Conciseness:**\nThe email is generally concise, but there are a few areas where it could be tightened up. For example:\n\n* The first paragraph is a bit lengthy and could be condensed to focus on the main issue (incorrect item) and the apology.\n* The offer of a replacement and discount is clear, but the language is a bit formal and could be simplified.\n* The closing sentence (""Your satisfaction is our top priority..."") is a bit generic and doesn\'t add much value to the email.\n\nScore: 4/5 (The email is mostly concise, but could benefit from a bit more editing to make it even more direct and to the point.)\n\n**Clarity:**\nThe email is generally clear and easy to understand. The issue is clearly stated, and the proposed resolution is clearly explained. The language is straightforward, and the tone is apologetic and professional.\n\nHowever, there is one area where the clarity could be improved:\n\n* The request for feedback (""Your feedback in helping us improve our services"") is a bit vague and could be rephrased to make it more specific and actionable.\n\nScore: 5/5 (The email is clear and easy to understand, with a clear message and a professional tone.)\n\n**Overall Score:**\nThe email scores 4.5/5 for overall conciseness and 5/5 for overall clarity. This brings the overall score to 4.75/5. The email is well-written and effectively communicates the apology and proposed resolution to the customer. With a bit of editing to tighten up the language and make it even more direct, it could be even more effective.', 'flesch_kincaid_grade': 10.23153846153846, 'flesch_reading_ease': 52.58012820512823}"
5,Meeting reminder,"Marketing strategy meeting, tomorrow 10 AM, Conference Room 3",Direct,"Subject: Reminder: Marketing Strategy Meeting Tomorrow

Dear [Recipient Name],

This is a reminder that the marketing strategy meeting is scheduled for tomorrow at 10:00 AM in Conference Room 3.

Please make sure to arrive on time and be prepared to discuss the project details. Your participation is crucial for the success of the project.

Looking forward to seeing you there.

Best regards,
[Your Name]","Subject: Reminder: Marketing Strategy Meeting Tomorrow

Hi Team,

Just a quick reminder about our Marketing Strategy meeting scheduled for tomorrow, 10 AM, in Conference Room 3. Please come prepared with your ideas.

Thanks,
[Your Name]",0,0,0.5,0.16666666666666666,"**Fact Inclusion**: All key facts are present in the email, which are:

* Marketing strategy meeting
* Date (tomorrow)
* Time (10:00 AM)
* Location (Conference Room 3)

No missing facts.

**Fact Accuracy**: All facts are stated correctly and without distortion.

**Specificity**: The language used is specific regarding the facts, with no vagueness. The email clearly states the date, time, and location of the meeting.

**Overall Score**: 5 (Excellent)

The generated email effectively includes all key facts, presents them accurately, and uses specific language. It is a well-crafted reminder that effectively conveys the necessary information to the recipient.","{'tone_evaluation': 'Based on the provided email, I would score it a 4 out of 5 in terms of adhering to the desired tone of ""Direct"".\n\nHere\'s why:\n\n* The subject line is clear and to the point, which is a hallmark of a direct tone.\n* The email body is concise and straightforward, with a clear reminder of the meeting details and a polite but firm request to arrive on time and be prepared.\n* The language used is professional and business-like, which is also characteristic of a direct tone.\n\nThe only area where the email could be improved to better match the desired tone of ""Direct"" is in the tone itself. While the language is professional, the tone is still somewhat polite and courteous, which might not be as direct as the desired tone. To make it even more direct, the language could be made more imperative, such as ""Please arrive on time and be prepared to discuss the project details, as your participation is crucial for the project\'s success.""\n\nOverall, the email is well-written and effectively conveys the necessary information, but could benefit from a slightly more direct tone to make it an excellent match.', 'format_feedback': ['Missing or unconventional salutation.']}","{'llm_clarity_evaluation': '**Conciseness:** 4/5\n\nThe email is generally concise and to the point. It clearly states the purpose of the email, which is to remind the recipient of an upcoming meeting. The email does not contain any unnecessary words or phrases, and it gets its message across quickly. However, it could be slightly more concise by eliminating the phrase ""Your participation is crucial for the success of the project."" This sentence is implied by the fact that the recipient is being invited to the meeting, and it\'s not necessary to explicitly state its importance.\n\n**Clarity:** 5/5\n\nThe email is extremely clear and easy to understand. The subject line clearly indicates that the email is a reminder, and the body of the email provides all the necessary details, including the date, time, location, and purpose of the meeting. The language used is simple and straightforward, making it easy for the recipient to quickly grasp the message.\n\n**Overall Score:** 4.5/5\n\nThe email is well-structured, easy to understand, and gets its message across quickly. It could be slightly more concise, but overall, it\'s a clear and effective email.', 'flesch_kincaid_grade': 8.761375000000001, 'flesch_reading_ease': 55.04612500000002}"
6,Job application follow-up,"Applied for Senior Software Engineer, interview last week, inquire about next steps",Professional and eager,"Subject: Following up on Senior Software Engineer Application

Dear [Hiring Manager's Name],

I hope this email finds you well. I am writing to follow up on my application for the Senior Software Engineer position, which I had the pleasure of discussing with you last week during our interview. I wanted to express my continued interest in the role and inquire about the next steps in the hiring process.

I would greatly appreciate any update you can provide regarding the status of my application and when I might expect to hear back from you. I am eager to learn more about the opportunity and how I can contribute to the team.

Please feel free to contact me if there is any additional information I can provide or if you would like to schedule a follow-up conversation. I look forward to hearing from you soon.

Best regards,

[Your Name]","Subject: Following Up - Senior Software Engineer Application

Dear [Hiring Manager Name],

I am writing to follow up on my application for the Senior Software Engineer position. I greatly enjoyed my interview last week and wanted to inquire about the next steps in the hiring process. Thank you for your time and consideration.

Sincerely,
[Your Name]",0,0,0.5,0.16666666666666666,"**Fact Inclusion**: The generated email includes all key facts, which are:

* The sender applied for the Senior Software Engineer position
* The sender had an interview last week
* The sender is inquiring about the next steps in the hiring process

No key facts are missing.

**Fact Accuracy**: The email accurately states the facts, without any distortion. The facts are presented truthfully and without exaggeration.

**Specificity**: The language used is generally specific enough regarding the facts. For example, the email mentions the specific position being applied for (Senior Software Engineer) and the fact that an interview took place last week. However, the email could be slightly more specific regarding the expected timeline for hearing back from the hiring manager.

Score: 4/5

The generated email effectively recalls the key facts and presents them accurately. The language is generally specific enough, but could be slightly more detailed in terms of the expected timeline. Overall, the email is well-written and effectively conveys the sender's intentions.","{'tone_evaluation': 'Based on the desired tone of ""Professional and eager"", I evaluate the generated email as follows:\n\nThe email effectively conveys a professional tone through its formal language, polite tone, and respectful closing (""Best regards""). The email is well-structured, and the language used is clear and concise.\n\nThe email also demonstrates eagerness through the phrases ""I am eager to learn more about the opportunity"" and ""I would greatly appreciate any update you can provide"". This shows that the sender is actively interested in the position and willing to take initiative to move the process forward.\n\nHowever, the email could be slightly more enthusiastic and proactive in its language. For example, the phrase ""I am eager to learn more about the opportunity"" could be replaced with something like ""I am excited to learn more about the opportunity and how I can make a meaningful contribution to the team"".\n\nOverall, I would give this email a score of 4 out of 5 for its adherence to the desired tone of ""Professional and eager"". It effectively conveys a professional tone and demonstrates eagerness, but could be slightly more enthusiastic in its language.', 'format_feedback': ['Missing or unconventional salutation.']}","{'llm_clarity_evaluation': '**Conciseness:** The email is generally concise, but it could be further condensed without losing its essential points. The introduction is a bit lengthy, and the sentence structure is not always optimal. Some phrases, such as ""I would greatly appreciate any update you can provide"" could be simplified. Score: 3.5/5\n\n**Clarity:** The email is clear in its purpose, which is to follow up on the application and inquire about the next steps. The language is professional and easy to understand. The message is unambiguous, and the reader can quickly grasp the intent behind the email. Score: 4.5/5\n\n**Overall:** Considering both conciseness and clarity, I would give the email a score of 4/5. The email effectively conveys the necessary information, but could be improved by streamlining the language and structure. Here\'s a revised version:\n\nSubject: Following up on Senior Software Engineer Application\n\nDear [Hiring Manager\'s Name],\n\nI\'m writing to follow up on our interview last week for the Senior Software Engineer position. I\'m still very interested in the role and would appreciate an update on the next steps.\n\nCould you please let me know the current status of my application and when I might expect to hear back from you?\n\nBest regards,\n\n[Your Name]\n\nThis revised version is more concise and direct, while maintaining the same level of clarity.', 'flesch_kincaid_grade': 9.878290816326533, 'flesch_reading_ease': 56.96804846938778}"
7,Invite to company event,"Annual Holiday Party, Dec 15th, 7 PM, Grand Ballroom, RSVP by Dec 1st",Enthusiastic,"Subject: You're Invited: Our Annual Holiday Party!

Dear Team,

It's that time of the year again! We're thrilled to invite you to our annual holiday party, and we can't wait to celebrate the season with all of you!

Join us on December 15th at 7 PM at the Grand Ballroom for an evening of fun, food, and festivities. It's going to be a night to remember, and we wouldn't want to miss it with you!

To ensure we have enough treats and cheer for everyone, please RSVP by December 1st. Simply reply to this email with a ""yes"" or ""no"" by the deadline, and we'll take care of the rest.

We're looking forward to seeing you there!

Best,
[Your Name]","Subject: You're Invited! Annual Holiday Party!

Hi Team,

Get ready to celebrate! Our Annual Holiday Party is scheduled for December 15th, starting at 7 PM in the Grand Ballroom. Join us for a night of fun, food, and festivities! Please RSVP by December 1st so we can finalize arrangements.

See you there!
[Your Name]",0,0,0.5,0.16666666666666666,"**Fact Inclusion**: The generated email includes the following key facts:

* Date: December 15th
* Time: 7 PM
* Location: Grand Ballroom
* RSVP deadline: December 1st

The missing key fact is the ""Annual Holiday Party"" itself, which is mentioned in the subject line but not explicitly stated in the email body.

**Fact Accuracy**: All stated facts appear to be accurate and without distortion.

**Specificity**: The language used is generally specific regarding the facts. For example, the exact date, time, and location are mentioned. However, the phrase ""an evening of fun, food, and festivities"" is somewhat vague and could be more specific.

**Overall Score**: I would give the generated email a score of 4 out of 5. The email effectively conveys the necessary information and is generally accurate and specific. However, the lack of explicit mention of the ""Annual Holiday Party"" in the email body is a minor oversight that could be improved.","{'tone_evaluation': 'I\'d rate the generated email a 4.5 out of 5 in terms of its adherence to the desired enthusiastic tone.\n\nHere\'s why:\n\n* The subject line is attention-grabbing and sets the tone for the email.\n* The opening sentence is enthusiastic and conveys the excitement of the holiday party.\n* The use of words like ""thrilled"", ""can\'t wait"", and ""night to remember"" creates a sense of anticipation and energy.\n* The tone remains consistent throughout the email, maintaining a positive and celebratory atmosphere.\n* The language is playful and inviting, encouraging the team to participate and join in the festivities.\n\nThe only area for improvement is the conclusion, which is a bit formal and could be more enthusiastic. A slight rewording to something like ""We can\'t wait to see you all there and make some unforgettable memories!"" would take the tone to the next level.\n\nOverall, the generated email effectively conveys the desired enthusiastic tone and is likely to generate excitement and anticipation among the team.', 'format_feedback': ['Missing or unconventional salutation.', 'Missing or unconventional closing/signature.']}","{'llm_clarity_evaluation': '**Conciseness:**\nThe email is generally concise, but it could be improved. The main points are clear, and the language is straightforward. However, there are some unnecessary words and phrases that could be removed without affecting the overall message. For example, the sentence ""It\'s going to be a night to remember, and we wouldn\'t want to miss it with you!"" is a bit wordy and could be rephrased more concisely.\n\nScore: 4 out of 5\n\n**Clarity:**\nThe email is easy to understand, and the message is unambiguous. The language is simple and clear, making it easy for the reader to grasp the main points. The invitation is well-structured, and the necessary details (date, time, location, and RSVP deadline) are clearly provided.\n\nScore: 5 out of 5\n\n**Overall Score:**\nBased on the evaluation, I would give the email an overall score of 4.5 out of 5. The email is well-written, and the message is clear and concise. However, there is some room for improvement in terms of conciseness, as some of the sentences could be rephrased more briefly without losing any important information.\n\nRecommendations:\n\n* Consider rephrasing some of the sentences to make them more concise without sacrificing clarity.\n* Use a more formal greeting and closing, as the email is addressed to a professional team.\n* Consider adding a brief mention of what attendees can expect at the party (e.g., food, drinks, entertainment) to give them a better idea of what to expect.', 'flesch_kincaid_grade': 5.835000000000001, 'flesch_reading_ease': 76.97666666666669}"
8,Request for peer feedback,"Performance review approaching, need feedback on communication skills",Collaborative,"Subject: Seeking Your Insights: Performance Review Feedback

Dear [Colleague's Name],

As we approach my upcoming performance review, I'm eager to gather your thoughts on my communication skills. Your input will be invaluable in helping me grow and improve as a professional. Specifically, I'd love to hear your feedback on my ability to effectively convey ideas, manage conflicts, and build rapport with colleagues and clients.

Your feedback will help me better understand areas where I can improve and will ultimately enhance my performance. Your insights will be treated with the utmost respect and confidentiality.

If you're available, I'd appreciate it if you could share your thoughts by [Specific Date or Timeframe]. Your feedback will be instrumental in helping me prepare for my review.

Thank you in advance for your time and consideration. I look forward to hearing your thoughts.

Best regards,
[Your Name]","Subject: Peer Feedback Request - Performance Review

Hi [Colleague's Name],

As my performance review is approaching, I would greatly appreciate it if you could provide some feedback on my communication skills, particularly in team meetings and project discussions. Your honest input is valuable. Please let me know if you need anything from me.

Thanks,
[Your Name]",0,0,0.5,0.16666666666666666,"**Fact Inclusion**: The generated email includes all key facts, which are:

1. Performance review approaching
2. Need feedback on communication skills

No missing facts were identified.

**Fact Accuracy**: The facts are stated correctly and without distortion.

**Specificity**: The email uses specific language regarding the facts, such as:

* ""ability to effectively convey ideas""
* ""manage conflicts""
* ""build rapport with colleagues and clients""
* ""specific areas where I can improve""
* ""ultimately enhance my performance""

The language is clear and concise, making it easy to understand what the sender is seeking feedback on.

**Score**: I would rate the overall fact recall and specificity as 5 out of 5. The email effectively incorporates all key facts and uses specific language to convey the sender's intentions, making it an excellent example of fact recall and specificity.","{'tone_evaluation': 'Based on the generated email, I would rate it a 4 out of 5 in terms of its adherence to the desired collaborative tone.\n\nStrengths:\n\n* The email is initiated by the sender, showing a willingness to seek feedback and input from the colleague.\n* The language used is polite and respectful, with phrases such as ""I\'d love to hear your feedback"" and ""Your insights will be treated with the utmost respect and confidentiality.""\n* The email is clear about the purpose of the request and the expected outcome, making it easy for the colleague to understand what\'s being asked of them.\n* The tone is professional and courteous, with a focus on mutual growth and improvement.\n\nWeaknesses:\n\n* The email could be more concise and to the point, as it is a bit lengthy and may deter some colleagues from reading it thoroughly.\n* The language is still fairly formal, which may not be suitable for all colleagues or work environments.\n\nTo improve the email\'s adherence to the collaborative tone, the sender could consider adding a more personal touch, such as a brief anecdote or a specific example of how the colleague\'s feedback could be used to improve their work. This would help to build a stronger connection with the colleague and make the request feel more like a collaborative effort rather than a formal requirement.', 'format_feedback': ['Missing or unconventional salutation.']}","{'llm_clarity_evaluation': 'Evaluation of the Generated Email:\n\n**Conciseness:** The email is generally concise, but there are a few areas where it could be tightened up. The introduction is a bit lengthy, and the request for feedback is repeated in two separate paragraphs. Additionally, the phrase ""ultimately enhance my performance"" could be rephrased for greater brevity.\n\nScore: 4/5\n\n**Clarity:** The email is clear in its purpose and request, and the language is straightforward. The tone is professional and respectful, making it easy to understand. The request for feedback is specific, and the deadline is clearly stated.\n\nScore: 5/5\n\n**Overall Score:** 4.5/5\n\nThe email is well-structured and effectively conveys the request for feedback. However, there are some minor areas where it could be improved for greater conciseness. Overall, the email is clear, direct, and respectful, making it an effective request for feedback.\n\nRecommendations:\n\n1. Consider combining the introduction and request for feedback into a single paragraph to streamline the email.\n2. Remove the phrase ""ultimately enhance my performance"" and rephrase the sentence to make it more concise.\n3. Consider adding a brief summary or conclusion to the email to reiterate the importance of the feedback and the deadline for response.', 'flesch_kincaid_grade': 9.559267605633803, 'flesch_reading_ease': 51.819183098591566}"
9,Decline a meeting invitation,"Conflict with another meeting, suggest alternate time next week",Polite but firm,"Subject: Re: Meeting Invitation for [Date and Time]

Dear [Recipient's Name],

Thank you for inviting me to meet on [Date and Time] to discuss [Topic]. I appreciate the opportunity to connect and discuss the matter further.

Unfortunately, I have a conflicting commitment on the scheduled date and time. However, I am still interested in meeting with you to discuss the topic. Would it be possible to schedule an alternate time next week? I am available [list specific dates and times].

Please let me know if any of these options work for you, and I look forward to hearing back from you.

Best regards,
[Your Name]","Subject: Re: Meeting Invitation

Dear [Sender Name],

Thank you for the invitation to the meeting. Unfortunately, I have a prior commitment at that time and will not be able to attend. Would you be available to meet sometime next week instead? Please let me know what works for you.

Best regards,
[Your Name]",0,0,0.5,0.16666666666666666,"**Fact Inclusion**:

The generated email includes the following key facts:

* Conflict with another meeting
* Suggesting alternate time next week
* Providing specific dates and times

The email is missing the following key fact:

* The topic of the meeting (mentioned in the initial meeting invitation, but not explicitly stated in the generated email)

**Fact Accuracy**:

The email accurately states the conflict with another meeting and the suggestion of an alternate time next week. The specific dates and times provided are also accurate.

**Specificity**:

The email uses specific language regarding the dates and times available for the alternate meeting. However, the topic of the meeting is not explicitly stated, which could lead to vagueness and potential misunderstandings.

**Overall Score**:

I would give the generated email a score of 4 out of 5 for overall fact recall and specificity. The email effectively includes the key facts and provides accurate information. However, the lack of specificity regarding the topic of the meeting could lead to potential issues.","{'tone_evaluation': 'I\'d rate the generated email a 4 out of 5 in terms of its adherence to the desired tone of ""Polite but firm"".\n\nHere\'s why:\n\n* The email starts off on a positive note by expressing gratitude for the meeting invitation and appreciating the opportunity to discuss the topic. This sets a polite tone.\n* The introduction of a conflicting commitment is handled professionally and doesn\'t come across as abrupt or dismissive. The use of ""Unfortunately"" softens the tone, making it more polite.\n* The request for an alternate time is made in a clear and concise manner, showing firmness in the need to reschedule. The suggestion of specific dates and times also demonstrates a willingness to accommodate the recipient\'s schedule.\n* The closing sentence, ""I look forward to hearing back from you"", maintains a polite tone while also conveying a sense of expectation.\n\nThe only area where the email could be improved to better match the desired tone is in the language used. While the email is polite, it\'s not overly friendly or conversational. A slightly more formal tone could be achieved by using more professional language, such as ""I would appreciate the opportunity to discuss the topic at an alternative time"" instead of ""I am still interested in meeting with you"".\n\nOverall, the email effectively balances politeness and firmness, making it a strong match for the desired tone.', 'format_feedback': ['Missing or unconventional salutation.']}","{'llm_clarity_evaluation': '**Conciseness:** 4/5\n\nThe email is generally concise, and the writer gets straight to the point. They clearly state the reason for the response (conflicting commitment), express interest in meeting, and propose alternative dates and times. However, some phrases could be shortened or rephrased for greater brevity. For example:\n\n* ""I appreciate the opportunity to connect and discuss the matter further"" could be simplified to ""I appreciate the opportunity to discuss the topic further.""\n* The closing sentence ""I look forward to hearing back from you"" is a common courtesy, but it\'s not essential to the message\'s clarity. It could be omitted to make the email even more concise.\n\n**Clarity:** 5/5\n\nThe email is extremely clear and easy to understand. The writer:\n\n* Clearly states the purpose of the response (rescheduling the meeting)\n* Explains the reason for the rescheduling (conflicting commitment)\n* Proposes alternative dates and times in a specific and actionable way\n* Ends the email with a clear call-to-action (waiting for a response)\n\nThe language is straightforward, and the structure is logical and easy to follow. The email\'s clarity is excellent, making it easy for the recipient to quickly understand the writer\'s intentions and take the necessary actions.\n\n**Overall Score:** 4.5/5\n\nThe email is well-written, clear, and concise. With some minor tweaks to eliminate unnecessary words and phrases, it could be even more effective.', 'flesch_kincaid_grade': 7.397321428571427, 'flesch_reading_ease': 65.40455357142858}"
10,Introduce new team member,"Sarah Chen, new Marketing Manager, starts next Monday, background in digital marketing",Welcoming,"Subject: Welcome Sarah Chen, Our New Marketing Manager!

Dear Team,

I am thrilled to announce that Sarah Chen will be joining our marketing team as our new Marketing Manager, effective next Monday. Sarah brings with her a wealth of experience in digital marketing, and we are excited to have her on board.

Sarah's background in digital marketing will undoubtedly bring new insights and perspectives to our team. We are confident that her skills and expertise will help us drive innovation and growth in our marketing efforts.

As Sarah settles into her new role, we would like to extend a warm welcome to her. If you have the opportunity, please reach out to her and introduce yourself. We are looking forward to seeing the positive impact she will bring to our team.

If you have any questions or would like to learn more about Sarah's background and experience, please don't hesitate to reach out to me.

Welcome, Sarah!

Best regards,
[Your Name]","Subject: Welcome Our New Marketing Manager, Sarah Chen!

Hi Team,

I am thrilled to introduce Sarah Chen, who will be joining us as our new Marketing Manager starting next Monday. Sarah brings a wealth of experience in digital marketing and will be a fantastic addition to our team. Please join me in giving her a warm welcome!

Best,
[Your Name]",0,0,0.5,0.16666666666666666,"**Fact Inclusion**:

All key facts are present in the generated email, which are:

1. Sarah Chen is the new Marketing Manager
2. She starts next Monday
3. Her background is in digital marketing

No missing facts are identified.

**Fact Accuracy**:

All facts stated in the email are accurate and without distortion. The email correctly conveys the information about Sarah Chen's new role and her background in digital marketing.

**Specificity**:

The language used in the email is specific enough regarding the facts. It clearly states the details about Sarah's background, her new role, and the expected impact on the marketing team. The email also provides a specific date (next Monday) for her start.

**Overall Score**:

I would give the generated email a score of 5 out of 5 for overall fact recall and specificity. The email accurately and specifically conveys the key facts provided, making it an effective and clear communication to the team.","{'tone_evaluation': 'Based on the evaluation, I would give the generated email a score of 5, which is an excellent match for the desired tone of ""Welcoming"".\n\nThe email successfully conveys a warm and welcoming tone through several elements:\n\n1. The subject line is a clear and concise introduction to the new team member, setting a positive tone for the email.\n2. The language used is friendly and enthusiastic, with words like ""thrilled"", ""excited"", and ""warm welcome"" that convey a sense of warmth and inclusiveness.\n3. The email emphasizes the importance of introducing oneself to Sarah, which encourages team members to take an active role in making her feel welcome.\n4. The closing sentence, ""Welcome, Sarah!"", is a clear expression of the team\'s enthusiasm and welcome, making it a fitting conclusion to the email.\n\nOverall, the generated email effectively captures the welcoming tone by using friendly language, emphasizing the importance of introductions, and expressing enthusiasm and excitement about the new team member\'s arrival.', 'format_feedback': ['Missing or unconventional salutation.']}","{'llm_clarity_evaluation': '**Conciseness:** 4/5\n\nThe email is generally concise and to the point. It effectively conveys the essential information about Sarah Chen\'s new role and the team\'s excitement to have her on board. However, there are a few areas where the email could be more concise:\n\n* The first paragraph is a bit lengthy and could be condensed to focus on the key point: Sarah\'s new role and start date.\n* The second paragraph is a good summary of Sarah\'s background and potential impact, but it could be rephrased for greater brevity.\n* The third paragraph is a polite and welcoming message, but it\'s not essential to the main message. It could be omitted or condensed to a simple ""Please welcome Sarah and introduce yourself.""\n\n**Clarity:** 5/5\n\nThe email is easy to understand and the message is unambiguous. The language is clear and concise, making it simple for the team to grasp the essential information. The email effectively conveys the excitement and welcome to Sarah, while also providing a brief overview of her background and potential impact.\n\n**Overall Score:** 4.5/5\n\nThe email is well-written and effectively conveys the necessary information. While it could be slightly more concise, it is still a clear and effective message.', 'flesch_kincaid_grade': 8.938689440993787, 'flesch_reading_ease': 59.65250621118014}"
